interval, total, insert, update counters, update state, calc, save, queue time, active, finished, insert, update, queue size
1,0,0,0,0,0,0,0,2,0,2,2,0
2,0,0,0,0,0,0,0,3,0,1,3,0
3,0,0,0,0,0,0,0,3,0,0,3,0
4,1,0,0,1,0,0,0,4,0,1,4,0
5,0,0,0,0,0,0,0,5,0,1,5,0
6,0,0,0,0,0,0,0,8,0,3,8,0
7,0,0,0,0,0,0,0,8,0,0,8,0
8,0,0,0,0,0,0,0,13,0,5,13,0
9,0,0,0,0,0,0,0,15,0,2,15,0
10,0,0,0,0,0,0,0,15,0,0,15,0
11,1,0,1,0,0,0,0,16,2,6,18,0
12,1,0,1,0,0,0,0,16,2,0,18,0
13,0,0,0,0,0,0,1,16,2,0,16,0
14,0,0,0,0,0,0,0,18,3,3,19,0
15,0,0,0,0,0,0,0,18,3,0,19,0
16,1,0,0,1,0,0,0,18,3,0,18,0
17,0,0,0,0,0,0,0,18,3,0,18,0
18,0,0,0,0,0,0,0,20,3,2,20,0
19,0,0,0,0,0,0,0,20,3,0,20,0
20,1,0,1,0,0,0,0,20,0,0,20,0
21,1,0,1,0,0,0,0,20,0,0,20,0
22,0,0,0,0,0,0,0,19,1,0,19,0
23,1,1,0,0,0,0,0,19,1,0,19,0
24,1,0,0,1,0,0,0,18,2,0,19,0
25,0,0,0,0,0,0,0,17,3,0,17,0
26,0,0,0,0,0,0,0,16,4,0,16,0
27,0,0,0,0,0,0,0,17,4,1,17,0
28,0,0,0,0,0,0,0,22,5,6,23,0
29,0,0,0,0,0,0,0,24,5,2,24,0
30,1,0,0,1,0,0,0,34,9,14,34,0
31,1,0,1,0,0,0,0,34,9,0,34,0
32,0,0,0,0,0,0,0,41,13,11,41,0
33,1,1,0,0,0,0,0,42,13,1,42,0
34,0,0,0,0,0,0,0,42,13,0,42,0
35,0,0,0,0,0,0,0,42,13,0,42,0
36,0,0,0,0,0,0,0,50,15,18,50,0
37,0,0,0,0,0,0,0,51,16,8,52,0
38,0,0,0,0,0,0,0,53,18,4,54,0
39,0,0,0,0,0,0,0,53,18,0,53,0
40,1,0,0,0,0,1,0,58,0,7,58,0
41,0,0,0,0,0,0,0,58,0,0,58,0
42,0,0,0,0,0,0,0,59,0,1,59,0
43,0,0,0,0,0,0,0,64,3,9,64,0
44,0,0,0,0,0,0,0,90,11,34,90,0
45,0,0,0,0,0,0,0,96,11,19,96,0
46,1,0,1,0,0,0,0,101,11,5,101,0
47,1,0,1,0,0,0,0,104,11,7,104,0
48,0,0,0,0,0,0,0,107,11,7,107,0
49,0,0,0,0,0,0,0,119,13,14,119,0
50,1,0,1,0,0,0,0,118,21,7,118,0
51,1,0,0,1,0,0,0,118,25,4,118,0
52,1,0,0,1,0,0,0,120,31,8,120,0
53,1,0,1,0,0,0,0,118,33,0,118,0
54,0,0,0,0,0,0,0,120,33,2,120,0
55,0,0,0,0,0,0,1,128,42,17,128,0
56,1,0,0,1,0,0,0,139,51,39,139,0
57,1,0,0,1,0,0,0,191,76,77,191,0
58,0,0,0,0,0,0,1,189,78,0,189,0
59,1,1,0,0,0,0,0,205,100,38,205,0
60,14,0,0,1,11,2,0,212,0,12,212,0
61,1,0,0,1,0,0,1,220,3,11,220,0
62,1,0,1,0,0,0,0,225,16,18,226,0
63,1,1,0,0,0,0,0,224,17,0,224,0
64,1,0,0,1,0,0,0,228,24,11,228,0
65,2,1,0,1,0,0,0,293,81,122,293,0
66,1,0,1,0,0,0,0,297,98,21,297,0
67,1,0,1,0,0,0,0,328,121,54,328,0
68,1,0,1,0,0,0,0,333,124,8,334,0
69,1,0,0,1,0,0,1,333,124,0,333,0
70,1,0,1,0,0,0,0,332,127,2,335,0
71,1,0,0,1,0,0,1,332,127,0,332,0
72,1,0,1,0,0,0,1,332,129,2,332,0
73,1,0,1,0,0,0,0,333,135,7,333,0
74,1,0,1,0,0,0,0,333,135,0,333,0
75,1,0,1,0,0,0,0,329,139,0,333,0
76,1,0,1,0,0,0,0,322,146,0,329,0
77,2,0,1,1,0,0,0,322,146,0,322,0
78,1,0,1,0,0,0,0,322,146,0,322,0
79,2,1,0,1,0,0,0,322,148,2,322,0
80,30,0,1,0,26,3,0,323,0,1,323,0
81,1,0,1,0,0,0,0,321,2,0,321,0
82,1,0,1,0,0,0,0,324,2,3,319,0
83,1,0,1,0,0,0,0,314,12,0,314,0
84,1,0,0,1,0,0,0,312,14,0,312,0
85,1,0,1,0,0,0,0,312,15,1,312,0
86,1,0,1,0,0,0,0,311,17,1,311,0
87,1,0,1,0,0,0,0,310,18,0,310,0
88,1,0,1,0,0,0,1,305,24,1,308,0
89,1,0,1,0,0,0,0,306,24,1,306,0
90,1,0,1,0,0,0,0,308,24,2,308,0
91,1,0,0,1,0,0,1,308,24,0,308,0
92,1,0,1,0,0,0,0,308,24,0,306,0
93,2,0,1,1,0,0,0,306,27,1,306,0
94,1,0,0,1,0,0,1,304,29,0,304,0
95,1,0,1,0,0,0,0,304,29,0,304,0
96,1,0,1,0,0,0,0,304,29,0,304,0
97,1,0,1,0,0,0,0,304,29,0,304,0
98,1,0,1,0,0,0,0,302,31,0,302,0
99,2,1,0,1,0,0,0,302,31,0,302,0
100,49,0,1,0,45,3,0,301,0,0,302,0
101,1,0,1,0,0,0,0,301,0,0,301,0
102,2,1,0,1,0,0,0,300,1,0,301,0
103,1,0,1,0,0,0,0,301,1,2,301,0
104,1,0,1,0,0,0,0,301,1,0,301,0
105,2,0,1,1,0,0,1,300,2,0,301,0
106,1,0,1,0,0,0,0,297,5,0,300,0
107,1,0,1,0,0,0,0,299,5,2,299,0
108,1,0,1,0,0,0,0,298,6,0,298,0
109,1,0,1,0,0,0,0,297,7,0,297,0
110,1,0,1,0,0,0,0,295,9,0,295,0
111,1,0,1,0,0,0,0,295,9,0,295,0
112,1,0,1,0,0,0,0,296,9,1,296,0
113,1,0,1,0,0,0,0,295,10,0,295,0
114,1,0,1,0,0,0,0,297,10,2,297,0
115,1,0,1,0,0,0,0,297,10,0,297,0
116,1,0,1,0,0,0,0,297,10,0,297,0
117,2,0,1,1,0,0,0,297,10,0,297,0
118,1,0,0,1,0,0,1,297,10,0,297,0
119,1,0,0,1,0,0,1,297,10,0,297,0
120,9,1,0,1,4,3,0,298,0,1,298,0
121,1,0,1,0,0,0,0,298,0,0,298,0
122,1,0,1,0,0,0,0,298,0,0,298,0
123,1,0,1,0,0,0,0,297,1,0,297,0
124,1,0,1,0,0,0,0,299,1,2,299,0
125,1,0,0,1,0,0,0,299,1,0,299,0
126,1,0,1,0,0,0,0,299,1,0,299,0
127,1,0,1,0,0,0,0,300,1,1,300,0
128,1,0,1,0,0,0,1,301,1,1,301,0
129,1,0,1,0,0,0,0,301,1,0,301,0
130,1,0,0,1,0,0,0,301,1,0,301,0
131,1,0,1,0,0,0,0,302,1,1,302,0
132,1,0,1,0,0,0,0,302,2,1,303,0
133,1,0,1,0,0,0,0,302,2,0,302,0
134,1,0,1,0,0,0,0,302,2,0,300,0
135,1,0,1,0,0,0,0,301,4,1,301,0
136,1,0,1,0,0,0,0,301,4,0,301,0
137,1,0,0,1,0,0,1,301,4,0,301,0
138,1,0,1,0,0,0,0,301,4,0,301,0
139,1,0,1,0,0,0,0,301,4,0,301,0
140,4,0,0,1,0,3,1,301,0,1,301,0
141,1,0,1,0,0,0,0,301,0,0,301,0
142,1,0,0,1,0,0,1,301,0,0,301,0
143,2,0,1,1,0,0,0,301,0,0,301,0
144,1,0,1,0,0,0,0,299,2,0,299,0
145,1,0,0,1,0,0,1,299,2,0,299,0
146,2,1,0,1,0,0,0,300,2,1,300,0
147,1,0,1,0,0,0,0,299,3,0,300,0
148,1,0,0,1,0,0,1,297,6,1,298,0
149,1,0,1,0,0,0,0,297,6,0,297,0
150,1,0,1,0,0,0,0,297,6,0,297,0
151,1,0,0,0,0,0,0,296,7,0,296,0
152,1,0,1,0,0,0,0,295,8,0,295,0
153,1,0,1,0,0,0,0,296,8,1,296,0
154,1,0,0,1,0,0,1,296,8,0,296,0
155,1,0,1,0,0,0,0,296,9,1,296,0
156,2,0,1,1,0,0,0,296,9,0,296,0
157,1,0,0,1,0,0,0,296,9,0,296,0
158,1,0,1,0,0,0,0,296,9,0,296,0
159,1,0,0,1,0,0,1,298,9,2,298,0
160,10,0,1,0,5,4,0,299,0,1,299,0
161,1,0,1,0,0,0,0,299,0,0,299,0
162,1,0,1,0,0,0,0,304,0,5,304,0
163,1,0,1,0,0,0,0,303,1,0,295,0
164,2,1,0,1,0,0,0,289,17,2,297,0
165,1,0,1,0,0,0,0,289,17,0,289,0
166,2,0,1,1,0,0,0,288,19,1,289,0
167,1,0,1,0,0,0,0,288,19,0,288,0
168,2,0,1,1,0,0,0,286,21,0,286,0
169,1,0,1,0,0,0,0,284,26,3,278,0
170,2,0,1,1,0,0,0,277,34,1,279,0
171,2,0,1,0,0,0,0,277,34,0,277,0
172,1,0,1,0,0,0,0,277,34,0,277,0
173,1,0,1,0,0,0,0,277,36,2,277,0
174,1,0,1,0,0,0,0,280,37,7,280,0
175,1,0,1,0,0,0,0,279,38,0,279,0
176,1,0,1,0,0,0,0,279,38,0,279,0
177,1,0,1,0,0,0,0,280,38,1,280,0
178,1,0,0,1,0,0,0,280,38,0,280,0
179,1,0,1,0,0,0,0,278,41,1,281,0
180,17,0,1,1,11,4,0,275,8,0,279,0
181,1,0,0,1,0,0,0,273,10,0,275,0
182,1,0,0,1,0,0,0,271,12,0,271,0
183,2,0,1,1,0,0,0,270,13,0,270,0
184,2,0,1,1,0,0,0,277,15,9,275,0
185,2,1,0,1,0,0,0,273,19,0,273,0
186,2,0,1,1,0,0,0,272,20,0,272,0
187,3,0,1,2,0,0,0,272,20,0,263,0
188,2,0,1,1,0,0,0,256,37,1,253,0
189,1,0,0,1,0,0,1,251,42,0,253,0
190,2,0,1,1,0,0,0,250,43,0,251,0
191,2,0,1,1,0,0,0,252,44,6,253,0
192,2,1,0,1,0,0,0,255,44,4,254,0
193,2,1,0,1,0,0,0,254,48,6,256,0
194,2,0,1,1,0,0,0,251,51,0,253,0
195,2,0,1,1,0,0,0,251,51,0,251,0
196,2,0,0,2,0,0,0,250,53,1,251,0
197,2,0,0,2,0,0,0,251,55,3,246,0
198,2,0,0,2,0,0,1,241,65,0,242,0
199,2,0,0,2,0,0,0,239,67,0,241,0
200,51,0,0,1,45,5,1,239,17,1,240,0
201,1,0,0,1,0,0,1,239,17,0,240,0
202,2,0,1,1,0,0,0,239,18,1,240,0
203,1,0,0,1,0,0,1,237,20,0,238,0
204,1,0,1,0,0,0,0,236,21,0,237,0
205,2,0,1,1,0,0,0,234,23,0,234,0
206,2,0,1,1,0,0,0,234,24,1,234,0
207,2,0,1,1,0,0,0,233,25,0,233,0
208,1,0,0,1,0,0,0,233,25,0,233,0
209,2,0,1,1,0,0,0,236,26,5,237,0
210,2,0,1,1,0,0,0,235,27,0,237,0
211,2,0,1,1,0,0,0,234,28,0,235,0
212,1,0,0,1,0,0,0,231,31,0,234,0
213,2,0,1,1,0,0,0,228,34,0,228,0
214,2,0,1,1,0,0,0,226,36,0,228,0
215,1,0,0,1,0,0,0,223,39,0,225,0
216,1,0,0,1,0,0,0,219,43,0,220,0
217,2,0,1,1,0,0,0,213,49,0,215,0
218,1,0,0,1,0,0,0,211,51,0,212,0
219,2,1,0,1,0,0,0,212,52,2,212,0
220,41,0,1,1,35,4,0,212,27,0,212,0
221,1,0,1,0,0,0,0,212,27,0,212,0
222,2,1,0,1,0,0,0,217,27,6,217,0
223,1,0,1,0,0,0,0,217,27,0,217,0
224,1,0,0,1,0,0,0,218,28,2,218,0
225,2,0,1,1,0,0,0,220,28,2,220,0
226,1,0,0,1,0,0,0,223,28,3,223,0
227,1,0,1,0,0,0,0,220,31,0,221,0
228,1,0,0,1,0,0,0,217,36,2,217,0
229,2,0,1,1,0,0,0,214,39,0,213,0
230,1,0,0,1,0,0,0,213,41,2,213,0
231,1,0,0,1,0,0,0,213,41,0,213,0
232,2,1,0,1,0,0,0,214,41,1,214,0
233,1,0,0,1,0,0,0,217,41,3,217,0
234,1,0,0,1,0,0,1,218,41,1,218,0
235,2,0,1,1,0,0,0,218,41,0,218,0
236,1,0,1,0,0,0,0,218,41,0,218,0
237,2,0,1,1,0,0,0,218,41,0,218,0
238,2,0,1,1,0,0,0,218,41,0,218,0
239,1,0,1,0,0,0,0,218,41,0,218,0
240,30,0,1,0,25,4,0,218,21,0,218,0
241,1,0,1,0,0,0,0,218,21,0,218,0
242,1,0,1,0,0,0,0,214,25,0,218,0
243,2,0,1,1,0,0,0,214,26,1,214,0
244,1,0,0,1,0,0,0,214,28,2,214,0
245,1,0,0,1,0,0,1,210,32,0,209,0
246,1,0,0,1,0,0,0,205,37,0,205,0
247,1,0,0,1,0,0,0,205,37,0,205,0
248,1,0,1,0,0,0,0,202,41,1,205,0
249,1,0,0,1,0,0,0,201,42,0,201,0
250,1,0,1,0,0,0,0,200,43,0,200,0
251,1,0,1,0,0,0,0,200,43,0,200,0
252,1,0,1,0,0,0,0,199,44,0,200,0
253,1,0,1,0,0,0,0,198,45,0,198,0
254,1,0,1,0,0,0,0,198,45,0,196,0
255,1,0,0,1,0,0,0,195,48,0,195,0
256,1,0,1,0,0,0,0,195,48,0,195,0
257,1,0,1,0,0,0,0,195,48,0,195,0
258,1,0,1,0,0,0,0,195,48,0,195,0
259,1,0,1,0,0,0,0,195,48,0,195,0
260,34,0,0,1,29,4,0,194,21,0,194,0
261,1,0,0,1,0,0,0,194,21,0,194,0
262,1,0,0,1,0,0,0,194,21,0,194,0
263,1,0,1,0,0,0,0,194,21,0,194,0
264,2,1,0,1,0,0,0,189,27,1,192,0
265,1,0,1,0,0,0,0,189,27,0,189,0
266,1,0,0,1,0,0,0,189,27,0,189,0
267,1,0,0,1,0,0,0,189,27,0,189,0
268,1,0,1,0,0,0,0,189,27,0,189,0
269,1,0,1,0,0,0,0,189,27,0,189,0
270,1,0,1,0,0,0,0,189,27,0,189,0
271,1,0,1,0,0,0,0,189,27,0,189,0
272,1,0,1,0,0,0,0,190,27,1,190,0
273,1,0,0,1,0,0,1,190,27,0,190,0
274,1,0,1,0,0,0,0,190,27,0,190,0
275,1,0,0,1,0,0,0,190,27,0,190,0
276,1,0,0,1,0,0,0,190,27,0,190,0
277,2,0,2,0,0,0,0,190,27,0,190,0
278,1,0,0,1,0,0,0,190,27,0,190,0
279,1,0,0,1,0,0,0,190,27,0,190,0
280,16,1,0,1,10,4,0,191,20,1,191,0
281,1,0,0,1,0,0,0,191,20,0,191,0
282,2,0,1,1,0,0,0,171,41,1,171,0
283,1,0,0,1,0,0,0,171,41,0,171,0
284,1,0,1,0,0,0,0,171,41,0,170,0
285,1,0,1,0,0,0,0,170,42,0,170,0
286,1,0,0,1,0,0,1,170,42,0,170,0
287,1,0,1,0,0,0,0,170,42,0,170,0
288,1,0,1,0,0,0,0,170,42,0,170,0
289,1,0,0,1,0,0,0,170,42,0,170,0
290,1,0,1,0,0,0,0,170,42,0,170,0
291,1,0,1,0,0,0,0,170,42,0,170,0
292,1,0,1,0,0,0,0,169,43,0,169,0
293,2,0,1,1,0,0,0,167,45,0,167,0
294,2,1,0,1,0,0,0,165,47,0,165,0
295,1,1,0,0,0,0,0,165,47,0,165,0
296,1,0,0,1,0,0,0,165,47,0,165,0
297,1,0,0,1,0,0,0,163,49,0,163,0
298,1,0,1,0,0,0,0,161,51,0,161,0
299,1,0,0,1,0,0,0,161,51,0,161,0
300,113,0,0,1,107,4,0,161,5,0,161,0
301,1,0,1,0,0,0,0,161,5,0,161,0
302,1,0,0,1,0,0,0,161,5,0,160,0
303,1,0,1,0,0,0,0,160,6,0,160,0
304,2,0,0,2,0,0,0,151,20,5,151,0
305,1,0,0,1,0,0,0,147,24,0,147,0
306,1,0,1,0,0,0,0,142,29,0,142,0
307,1,0,0,1,0,0,0,140,31,0,140,0
308,1,0,0,1,0,0,0,140,31,0,140,0
309,1,0,0,1,0,0,0,140,31,0,140,0
310,1,0,0,1,0,0,0,140,31,0,140,0
311,1,0,0,1,0,0,0,140,31,0,140,0
312,2,1,0,1,0,0,0,134,42,5,134,0
313,2,0,1,1,0,0,0,120,56,0,120,0
314,1,0,1,0,0,0,0,118,58,0,118,0
315,1,0,0,1,0,0,0,118,58,0,118,0
316,1,0,1,0,0,0,0,118,58,0,118,0
317,1,0,0,1,0,0,0,120,60,4,120,0
318,1,0,0,1,0,0,0,120,60,0,120,0
319,1,0,1,0,0,0,0,119,61,0,119,0
320,137,0,0,1,132,4,0,119,3,0,119,0
321,1,0,0,1,0,0,0,119,3,0,119,0
322,0,0,0,0,0,0,0,120,3,1,120,0
323,1,0,1,0,0,0,0,120,3,0,120,0
324,0,0,0,0,0,0,0,119,4,0,120,0
325,1,0,0,1,0,0,0,121,4,2,121,0
326,1,0,1,0,0,0,0,121,4,0,121,0
327,0,0,0,0,0,0,1,121,4,0,121,0
328,1,0,0,1,0,0,0,121,4,0,119,0
329,1,0,1,0,0,0,0,118,7,0,118,0
330,1,0,1,0,0,0,0,118,7,0,118,0
331,1,0,1,0,0,0,0,118,7,0,118,0
332,1,0,1,0,0,0,0,117,8,0,116,0
333,1,0,1,0,0,0,0,111,14,0,111,0
334,1,0,1,0,0,0,0,111,14,0,111,0
335,0,0,0,0,0,0,1,111,14,0,111,0
336,1,0,1,0,0,0,0,111,14,0,111,0
337,1,0,0,1,0,0,0,111,14,0,111,0
338,0,0,0,0,0,0,0,111,14,0,111,0
339,1,0,1,0,0,0,0,111,14,0,111,0
340,18,0,0,1,13,4,0,111,2,0,111,0
341,0,0,0,0,0,0,0,111,2,0,111,0
342,0,0,0,0,0,0,1,112,2,2,111,0
343,1,0,0,1,0,0,0,111,3,0,111,0
344,0,0,0,0,0,0,0,111,3,0,111,0
345,1,0,1,0,0,0,0,111,3,0,111,0
346,1,0,0,1,0,0,0,109,5,0,109,0
347,0,0,0,0,0,0,0,109,5,0,109,0
348,1,0,1,0,0,0,0,109,5,0,109,0
349,1,0,0,1,0,0,0,109,5,0,109,0
350,0,0,0,0,0,0,0,109,5,0,109,0
351,1,0,1,0,0,0,0,108,6,0,108,0
352,1,0,1,0,0,0,0,109,6,1,109,0
353,0,0,0,0,0,0,0,111,6,2,109,0
354,1,0,1,0,0,0,0,113,12,10,113,0
355,1,0,0,1,0,0,0,113,12,0,113,0
356,0,0,0,0,0,0,0,113,12,0,113,0
357,1,0,0,1,0,0,0,113,12,0,113,0
358,1,0,1,0,0,0,0,113,12,0,113,0
359,0,0,0,0,0,0,0,113,12,0,113,0
360,16,0,1,0,12,3,0,113,1,0,113,0
361,1,0,0,1,0,0,0,113,1,0,113,0
362,1,0,0,1,0,0,0,112,2,0,112,0
363,1,0,0,1,0,0,0,112,2,0,112,0
364,1,0,0,1,0,0,0,113,2,1,113,0
365,1,1,0,0,0,0,0,113,2,0,113,0
366,1,0,1,0,0,0,0,113,2,0,113,0
367,1,0,1,0,0,0,0,113,2,0,113,0
368,0,0,0,0,0,0,1,113,2,0,113,0
369,1,0,0,1,0,0,0,113,2,0,113,0
370,1,0,0,1,0,0,0,113,2,0,113,0
371,0,0,0,0,0,0,1,113,2,0,113,0
372,1,0,1,0,0,0,0,112,3,0,112,0
373,1,0,0,1,0,0,0,112,3,0,112,0
374,1,0,1,0,0,0,0,109,6,0,109,0
375,1,0,0,1,0,0,0,105,10,0,105,0
376,1,0,1,0,0,0,0,105,10,0,105,0
377,1,0,0,1,0,0,0,105,10,0,105,0
378,1,0,0,1,0,0,0,105,10,0,105,0
379,1,0,0,1,0,0,0,106,12,3,106,0
380,5,1,0,0,0,4,0,107,2,1,107,0
381,2,0,1,1,0,0,0,107,2,0,107,0
382,1,0,0,1,0,0,0,107,2,0,107,0
383,1,0,1,0,0,0,0,107,2,0,107,0
384,1,0,0,1,0,0,0,106,3,0,106,0
385,1,0,0,1,0,0,0,106,3,0,106,0
386,0,0,0,0,0,0,0,106,3,0,106,0
387,1,0,0,1,0,0,0,106,3,0,106,0
388,0,0,0,0,0,0,0,106,3,0,106,0
389,0,0,0,0,0,0,0,106,3,0,106,0
390,0,0,0,0,0,0,0,106,3,0,106,0
391,0,0,0,0,0,0,0,106,3,0,106,0
392,0,0,0,0,0,0,1,106,4,1,106,0
393,1,0,0,1,0,0,0,106,4,0,106,0
394,1,0,1,0,0,0,0,106,4,0,106,0
395,1,0,1,0,0,0,0,107,4,1,107,0
396,0,0,0,0,0,0,0,107,4,0,107,0
397,1,0,0,1,0,0,0,107,4,0,107,0
398,1,0,0,1,0,0,0,107,4,0,107,0
399,0,0,0,0,0,0,1,109,4,2,109,0
400,5,0,0,1,0,4,0,108,3,0,108,0
401,0,0,0,0,0,0,0,107,4,0,107,0
402,1,0,0,1,0,0,0,108,4,2,108,0
403,1,0,1,0,0,0,0,108,4,0,108,0
404,0,0,0,0,0,0,1,106,6,0,108,0
405,1,0,0,0,0,0,0,104,8,0,104,0
406,1,0,0,1,0,0,0,103,9,0,103,0
407,0,0,0,0,0,0,1,103,9,0,103,0
408,1,0,0,1,0,0,0,103,9,0,103,0
409,1,0,0,1,0,0,0,101,11,0,101,0
410,1,1,0,0,0,0,0,101,11,0,101,0
411,0,0,0,0,0,0,0,101,11,0,101,0
412,0,0,0,0,0,0,0,100,12,0,100,0
413,1,0,1,0,0,0,0,100,12,0,100,0
414,1,0,0,1,0,0,0,100,12,0,100,0
415,1,0,0,1,0,0,0,99,13,0,99,0
416,0,0,0,0,0,0,1,99,13,0,99,0
417,1,0,0,1,0,0,0,97,15,0,98,0
418,1,0,0,1,0,0,0,97,15,0,97,0
419,1,0,0,1,0,0,0,95,17,0,95,0
420,35,0,0,1,30,4,0,95,3,0,95,0
421,0,0,0,0,0,0,1,95,3,0,95,0
422,1,0,0,1,0,0,0,95,3,0,94,0
423,1,0,0,1,0,0,0,94,4,0,94,0
424,1,0,1,0,0,0,0,91,7,0,91,0
425,1,0,0,1,0,0,0,91,7,0,91,0
426,1,0,1,0,0,0,0,91,7,0,91,0
427,0,0,0,0,0,0,0,91,7,0,91,0
428,1,0,0,1,0,0,0,91,7,0,91,0
429,1,0,0,1,0,0,0,91,7,0,91,0
430,0,0,0,0,0,0,0,91,7,0,91,0
431,1,0,0,1,0,0,0,91,7,0,91,0
432,1,1,0,0,0,0,0,91,7,0,91,0
433,0,0,0,0,0,0,0,91,7,0,91,0
434,1,0,1,0,0,0,0,91,7,0,91,0
435,0,0,0,0,0,0,0,91,7,0,91,0
436,0,0,0,0,0,0,1,91,7,0,91,0
437,1,0,0,1,0,0,0,89,9,0,88,0
438,0,0,0,0,0,0,0,87,11,0,87,0
439,1,0,0,1,0,0,0,87,11,0,87,0
440,21,0,1,0,17,3,0,87,2,0,87,0
441,1,0,0,1,0,0,0,85,4,0,85,0
442,1,0,0,1,0,0,0,83,6,0,83,0
443,0,0,0,0,0,0,0,83,6,0,83,0
444,0,0,0,0,0,0,0,83,6,0,83,0
445,1,0,1,0,0,0,0,83,6,0,83,0
446,0,0,0,0,0,0,0,79,10,0,78,0
447,1,0,0,1,0,0,0,73,16,0,73,0
448,0,0,0,0,0,0,1,63,26,0,63,0
449,1,0,0,1,0,0,0,61,28,0,59,0
450,0,0,0,0,0,0,1,59,30,0,59,0
451,0,0,0,0,0,0,0,59,30,0,57,0
452,1,0,1,0,0,0,0,55,34,0,53,0
453,0,0,0,0,0,0,0,51,38,0,50,0
454,1,0,0,1,0,0,0,45,44,0,45,0
455,1,0,1,0,0,0,0,37,52,0,35,0
456,0,0,0,0,0,0,0,31,58,0,31,0
457,1,0,1,0,0,0,0,29,60,0,28,0
458,0,0,0,0,0,0,0,27,62,0,26,0
459,0,0,0,0,0,0,0,25,64,0,25,0
460,192,0,0,1,189,2,0,25,1,0,25,0
461,0,0,0,0,0,0,0,25,1,0,24,0
462,1,0,1,0,0,0,0,24,2,0,24,0
463,0,0,0,0,0,0,0,24,2,0,24,0
464,1,0,0,1,0,0,0,24,2,0,24,0
465,0,0,0,0,0,0,0,24,2,0,24,0
466,1,0,1,0,0,0,0,24,2,0,24,0
467,0,0,0,0,0,0,1,24,2,0,24,0
468,0,0,0,0,0,0,0,24,2,0,24,0
469,1,0,0,1,0,0,0,24,2,0,24,0
470,0,0,0,0,0,0,0,24,2,0,24,0
471,0,0,0,0,0,0,0,24,2,0,24,0
472,1,0,1,0,0,0,0,24,2,0,24,0
473,0,0,0,0,0,0,0,23,3,0,22,0
474,0,0,0,0,0,0,1,22,4,0,22,0
475,0,0,0,0,0,0,0,22,4,0,22,0
476,0,0,0,0,0,0,1,22,4,0,22,0
477,0,0,0,0,0,0,0,22,4,0,22,0
478,0,0,0,0,0,0,0,22,4,0,22,0
479,0,0,0,0,0,0,0,22,4,0,22,0
480,15,0,0,1,13,1,0,22,0,0,22,0
481,0,0,0,0,0,0,0,22,0,0,22,0
482,1,0,1,0,0,0,0,22,0,0,22,0
483,0,0,0,0,0,0,0,22,0,0,22,0
484,0,0,0,0,0,0,1,22,0,0,22,0
485,0,0,0,0,0,0,0,22,0,0,22,0
486,0,0,0,0,0,0,0,22,0,0,22,0
487,0,0,0,0,0,0,0,22,0,0,22,0
488,0,0,0,0,0,0,0,22,0,0,22,0
489,0,0,0,0,0,0,0,22,0,0,22,0
490,0,0,0,0,0,0,0,22,0,0,22,0
491,0,0,0,0,0,0,0,22,0,0,22,0
492,0,0,0,0,0,0,0,20,2,0,20,0
493,0,0,0,0,0,0,0,20,2,0,20,0
494,0,0,0,0,0,0,0,20,2,0,20,0
495,0,0,0,0,0,0,0,18,4,0,18,0
496,1,0,1,0,0,0,0,18,4,0,18,0
497,0,0,0,0,0,0,0,16,6,0,18,0
498,0,0,0,0,0,0,0,14,8,0,14,0
499,0,0,0,0,0,0,1,12,10,0,14,0
500,36,0,0,0,35,1,0,12,0,0,12,0
501,0,0,0,0,0,0,0,12,0,0,12,0
502,0,0,0,0,0,0,0,12,0,0,12,0
503,0,0,0,0,0,0,0,12,0,0,12,0
504,0,0,0,0,0,0,0,12,0,0,12,0
505,0,0,0,0,0,0,0,12,0,0,12,0
506,0,0,0,0,0,0,0,12,0,0,12,0
507,1,0,1,0,0,0,0,12,0,0,12,0
508,0,0,0,0,0,0,0,11,1,0,12,0
509,0,0,0,0,0,0,0,10,2,0,10,0
510,0,0,0,0,0,0,0,10,2,0,10,0
511,1,1,0,0,0,0,0,10,2,0,10,0
512,1,0,1,0,0,0,0,10,2,0,10,0
513,0,0,0,0,0,0,0,10,2,0,10,0
514,1,0,1,0,0,0,0,8,4,0,8,0
515,0,0,0,0,0,0,0,8,4,0,8,0
516,0,0,0,0,0,0,0,8,4,0,8,0
517,0,0,0,0,0,0,0,8,4,0,8,0
518,0,0,0,0,0,0,0,8,4,0,8,0
519,0,0,0,0,0,0,0,8,4,0,6,0
520,22,0,0,0,21,0,0,6,0,0,6,0
521,0,0,0,0,0,0,0,4,2,0,6,0
522,1,0,0,1,0,0,0,0,6,0,0,0
523,0,0,0,0,0,0,0,0,6,0,0,0
524,0,0,0,0,0,0,0,0,6,0,0,0
525,0,0,0,0,0,0,0,0,6,0,0,0
526,0,0,0,0,0,0,0,0,6,0,0,0
527,0,0,0,0,0,0,0,0,6,0,0,0
528,0,0,0,0,0,0,1,0,6,0,0,0
529,0,0,0,0,0,0,0,0,6,0,0,0
530,0,0,0,0,0,0,0,0,6,0,0,0
531,0,0,0,0,0,0,0,0,6,0,0,0
532,0,0,0,0,0,0,0,0,6,0,0,0
533,0,0,0,0,0,0,0,0,6,0,0,0
534,0,0,0,0,0,0,1,0,6,0,0,0
535,0,0,0,0,0,0,0,0,6,0,0,0
536,0,0,0,0,0,0,1,0,6,0,0,0
537,0,0,0,0,0,0,0,0,6,0,0,0
538,0,0,0,0,0,0,0,0,6,0,0,0
539,1,0,0,1,0,0,0,0,6,0,0,0
540,23,0,0,0,22,1,0,0,0,0,0,0
541,0,0,0,0,0,0,1,0,0,0,0,0
542,0,0,0,0,0,0,0,0,0,0,0,0
543,0,0,0,0,0,0,0,0,0,0,0,0
544,0,0,0,0,0,0,0,0,0,0,0,0
545,0,0,0,0,0,0,0,0,0,0,0,0
546,0,0,0,0,0,0,0,0,0,0,0,0
547,0,0,0,0,0,0,0,0,0,0,0,0
548,0,0,0,0,0,0,1,0,0,0,0,0
549,0,0,0,0,0,0,0,0,0,0,0,0
550,0,0,0,0,0,0,0,0,0,0,0,0
551,0,0,0,0,0,0,0,0,0,0,0,0
552,1,0,0,0,0,0,0,0,0,0,0,0
553,0,0,0,0,0,0,0,0,0,0,0,0
554,0,0,0,0,0,0,0,0,0,0,0,0
555,0,0,0,0,0,0,0,0,0,0,0,0
556,0,0,0,0,0,0,0,0,0,0,0,0
557,0,0,0,0,0,0,0,0,0,0,0,0
558,0,0,0,0,0,0,0,0,0,0,0,0
559,0,0,0,0,0,0,0,0,0,0,0,0
